,Golden_grains
0,1151950.1543311852
1,1445668.475441511
2,1594306.771829336
3,1385306.9695592297
4,1366709.1817713054
5,1308757.5342362584
6,1364264.5607780858
7,1132561.7986713934
8,1132994.3355158118
9,1150637.4724579293
10,1126728.2311885166
11,1176909.4675115796
12,1453614.7544251534
13,1626525.6327147884
14,1398206.1463046162
15,1266533.3355357226
16,1449249.8206076017
17,1229344.2451169924
18,1367704.559327193
19,1140534.1498142206
20,1262837.4753521543
21,1277764.4574426175
22,1498798.7058535735
23,1109888.0246174748
24,1312031.9354775401
25,1464586.3147768937
26,1250250.9486918603
27,1146608.5670600773
28,1440283.9056970053
29,1263996.7071712706
30,1108420.7327868312
31,1378309.9957365764
32,1392220.7446099285
33,1425649.1599509597
34,1148850.9124441475
35,1422646.1992001182
36,1271196.3268051844
37,1390209.836140184
38,1259133.3695902033
39,1522501.6778965564
40,1303724.7864718577
41,1494502.5080501093
42,1440121.874161928
43,831220.6379802595
44,1516348.4213588105
45,1145891.6557207715
46,1362237.2677390517
47,1371719.9980090125
48,1298025.6644604376
49,1217941.452177707
50,1425936.081663035
51,1271073.3478096575
52,1367997.718605359
53,1505976.970813184
54,1270295.7329328458
55,1237790.5492945595
56,1158495.6704837044
57,1501385.7578836733
58,1078190.4375774306
59,1044905.4568234652
60,1538647.6966870413
61,1495230.6949125559
62,1217274.3891836253
63,1140318.8883255809
64,1289782.1220189226
65,1307325.9384476896
66,1471941.929855837
67,1508692.0519457692
68,1403322.9274764557
69,1298945.031009405
70,1377990.8435085032
71,1438552.4442928266
72,1031789.3177781734
73,964592.327486089
74,1247423.6623264744
75,1300642.7753453394
76,1423458.2442034746
77,1277409.725493432
78,1324766.8753786879
79,1192707.046040259
80,1398057.577343547
81,1483903.86851768
82,1262878.970008363
83,847982.7264143082
84,1316640.2654712421
85,1345963.4843866613
86,1318002.38606601
87,1456929.0068368143
88,1199741.4240370768
89,1401752.461866095
90,1469944.238208218
91,1494736.9505584862
92,1270949.281734483
93,1274435.0396532763
94,1188636.1352828126
95,1377456.4280556806
96,1395417.9634874703
97,1453280.901475425
98,1342984.834305692
99,1347963.8737672484
100,1210137.862422369
101,1425989.6774440382
102,1452943.112585693
103,1527322.9260771056
104,1345995.1460138655
105,1259356.3698570281
106,1439323.868100612
107,1214089.3653518115
108,1492683.2485260777
109,1017857.9264627484
110,1254773.880218406
111,1183225.0391689693
112,1331947.6971127542
113,1270456.8887146066
114,1334329.6278855852
115,1423228.3437812973
116,1017529.2312364068
117,1265041.7232996335
118,1550993.4508822667
119,1376373.27742476
120,1189177.5563529923
121,1112119.0913169289
122,1140744.6021105042
123,1115687.4903376182
124,1132722.900443794
125,1311051.9721261763
126,1191024.9246632482
127,1355536.6674300581
128,1185271.5539543605
129,1434350.188662858
130,968387.4479527109
131,1379057.2793947153
132,1213388.335391786
133,1385720.779520119
134,1300221.1940111006
135,1409025.927405205
136,1045388.2837700158
137,1324524.887538081
138,1176228.5637802314
139,1326191.373958287
140,1397246.0318130583
141,1186536.1219233407
142,1361250.9491641566
143,1419018.580877798
144,1538174.0593725836
145,1482312.4514450268
146,1343440.3682970412
147,1224267.707201437
148,889782.884259632
149,1421603.7805820864
150,1362032.6346187342
151,1415334.4652833338
152,1386604.515336358
153,1343140.0194232622
154,1523485.879441095
155,1435223.7203248756
156,1211661.2624299643
157,1167371.4168841194
158,1428768.9181028202
159,1061676.2979844452
160,1253972.3328117076
161,1263186.2098716572
162,1625330.1210261981
163,1303727.4863569415
164,1355517.8927310146
165,1096130.5489219476
166,996071.0269251125
167,1490051.625877801
168,1165720.8420417008
169,1176538.5979669788
170,1456636.5897993518
171,1297556.5806736818
172,958742.8915492072
173,1054770.6032483066
174,1327299.186545898
175,1302959.6110785839
176,1488120.212074303
177,1230011.8104817134
178,1275746.9724580396
179,1436221.87791008
180,1306916.9567178895
181,1307038.3721872615
182,1406336.2484760005
183,1229554.1153922686
184,949882.3606030776
185,1189682.607254941
186,1156851.3996587363
187,1334759.1677536895
188,1471651.576109464
189,1173766.804520742
190,1516264.7547108831
191,1395891.4552667914
192,1422920.330054862
193,1151333.1476081277
194,1353024.9988027208
195,1058060.7165418244
196,1398714.0548706825
197,1095880.8622299666
198,1098348.9816116719
199,1278251.865175424
200,1334269.6511264099
201,1541837.4101702673
202,1461923.9272290498
203,1528605.8741887456
204,1435331.6754816351
205,1096105.5404208903
206,1383158.4412257795
207,1439093.822819002
208,1375515.4316848884
209,1358407.0379770335
210,1186219.7114516809
211,1484967.3452576585
212,900394.8473875556
213,1359718.7088684526
214,1272700.0529675796
215,1569533.7069720342
216,1437602.16217349
217,1389250.3084944298
218,1020990.2126093783
219,1230689.4405214356
220,1027771.1419945732
221,1292407.0089028985
222,1106049.0381069519
223,1484562.739454195
224,1424162.934168522
225,1160306.0782661638
226,1156238.4339549066
227,1383260.6485626712
228,1449806.4387516354
229,1364380.1634173698
230,1436227.2060581993
231,1289495.4983692358
232,1521675.7075122
233,1427334.5901870118
234,1333959.4532861465
235,1446440.878551238
236,1187981.470979938
237,1528380.0709075604
238,1232924.8265295073
239,1193059.9423690096
240,1194981.8143155714
241,1553714.2048770906
242,1553386.0159848132
243,1336034.7057095424
244,1455436.6796909438
245,1281234.5825550822
246,1409671.4078552658
247,1292868.3371567037
248,1323636.5948878324
249,1517967.6658641375
250,1621181.2061549851
251,1376711.7166287312
252,1407689.648230346
253,1207458.738346644
254,1342056.5062465838
255,1178542.6995348372
256,1081721.7970647174
257,1464919.6367274974
258,1388636.1986393551
259,1260827.8049841153
260,1129382.6085390886
261,1295873.1709996434
262,1561748.1047466232
263,1399709.7144200949
264,1122293.6008926672
265,1247506.0004274927
266,1237921.1826838842
267,1165360.4165641225
268,1213110.3109840192
269,1167797.0186302455
270,1058599.347315351
271,1438129.5688332918
272,1272741.7808128812
273,1289215.3837807705
274,1400496.7627262129
275,1509961.9797979465
276,1202186.7003763253
277,1339604.0812553854
278,1430147.9710596146
279,1132493.5785050606
280,1122133.6251655957
281,1500311.4433213598
282,1023698.8446989979
283,1573686.998126277
284,1346020.8044118169
285,1193233.0711083317
286,1332769.962239057
287,1027993.9787183387
288,1399966.1602116139
289,1159049.9517516529
290,1200332.0570555793
291,905886.0692565936
292,1142487.1511859987
293,1453001.2723233823
294,1442909.7918888116
295,1067865.1280393007
296,1480674.4779669836
297,1308153.5516360821
298,1518000.6443610298
299,1427934.3302563545
300,1348449.3911220448
301,1246852.6524291744
302,1089608.8329950932
303,1211997.9561486014
304,1436039.7456421368
305,1451709.842011308
306,1439102.9208877194
307,1221628.645651268
308,1546574.8379649655
309,1403824.1423226641
310,1472899.905251347
311,1349112.1504695842
312,1321868.2603817473
313,1255221.0638890485
314,1334580.5940272815
315,1503331.4958581808
316,1304871.7623465713
317,1473006.9766684596
318,1334809.6445171754
319,1490368.1896475342
320,1491667.327480194
321,1425719.3893549556
322,1311217.6893227005
323,1390345.4632448475
324,1659598.224425955
325,1477362.5692630385
326,1364371.0999128812
327,1250037.3977731066
328,1381742.5131938374
329,1395455.101958822
330,1346875.0270038715
331,1030404.0139448375
332,1635910.393968932
333,1372008.2174342615
334,1445623.1391158456
335,1255991.0809560458
336,1473920.21660943
337,1062434.4193734
338,1309985.1249487957
339,1518158.8705062945
340,1451274.637029454
341,1277061.7592298
342,1335980.7257565511
343,1419661.5004140076
344,1434672.67447935
345,1546196.4268581138
346,1462913.1170298262
347,1302626.845507184
348,1108195.9280904217
349,1321630.0702727833
350,1382648.5293694478
351,1308155.8105804976
352,1287871.569892452
353,1402193.3017298104
354,1465723.676225308
355,1361365.3273481145
356,1227124.5752680635
357,1633046.1975465412
358,1267173.2069806221
359,1318751.4998189774
360,1330870.1887192118
361,1395800.7853342926
362,1487526.2593246296
363,1265548.0283135495
364,1306559.737986344
365,1120656.7449178838
366,1602144.3988811786
367,1357658.6122578757
368,1163929.5268189502
369,1571579.4182862798
370,1271907.064154768
371,1325823.5008200444
372,1512231.2841662078
373,1364621.7054703892
374,1383918.992782862
375,1242901.345036766
376,794233.1734128835
377,1389547.6179583801
378,1300592.109344567
379,1370445.867490972
380,1023251.6990492787
381,1284963.327034876
382,1420014.619788121
383,1192198.5872804837
384,1436885.4927170048
385,1204250.142814194
386,1342068.1832470526
387,1498123.7454055701
388,1426248.6257320684
389,1275486.9570788115
390,1413142.027314046
391,875777.3782788015
392,1307513.9545320098
393,1241479.1936973997
394,1301385.2397587067
395,1354830.0198190464
396,1337713.4179708408
397,1473561.7138151354
398,1279745.3780596466
399,1269147.0372846036
400,1277009.3332794192
401,1429777.6299710404
402,1473417.332798443
403,1251558.9010939482
404,1245668.9945397165
405,1526518.0133180162
406,1281407.4921343513
407,1436916.118329488
408,1361521.761027752
409,1463453.0865807794
410,1282630.5912088098
411,1090353.7457654348
412,1357027.462545104
413,1336505.1312414238
414,1400771.8967678018
415,1292959.1989628128
416,1447786.2299858595
417,1347339.5608760733
418,1341058.5041615842
419,1208131.0013533593
420,1046537.957499988
421,1452418.364635466
422,915936.3537006654
423,1308627.1490525939
424,1418631.6088481368
425,1303144.05921513
426,1429262.3076476704
427,1532492.5634545106
428,1369993.7559932037
429,1414662.1748554872
430,1359856.487254187
431,1297527.6677725448
432,1218960.3235321557
433,1346959.1746190237
434,1162934.3089238014
435,1425293.5981271332
436,1321129.7352545732
437,1345453.4393180523
438,1018122.4334417996
439,1327721.3084950687
440,1226530.8176337292
441,1171420.908598767
442,1350635.2918875825
443,1303999.0937133136
444,1113640.3182699692
445,1288489.159848141
446,1352735.4416635206
447,1260262.600666967
448,1401703.7100069367
449,1323175.6063480151
450,1455505.6714575556
451,1087080.520150339
452,1128973.847029315
453,1125109.4994155907
454,866366.2464570273
455,1464395.9587730553
456,1131237.1404178943
457,1385264.95468225
458,1292175.0834302497
459,1507199.6978206504
460,1438754.6540508762
461,1386466.8576873099
462,1366834.673852233
463,1506458.7312603313
464,1160426.7157498093
465,1616101.3333992097
466,1358374.3756571803
467,1415937.6159839449
468,1370417.8398269736
469,1015512.1839569422
470,1195714.5140311057
471,1392581.8605577617
472,1333837.1547994507
473,1254034.4797424672
474,1488858.9714915457
475,1391282.8822019568
476,1341575.3028848781
477,1470427.084632469
478,1153084.6011782228
479,1370324.4920529993
480,1396275.2464447424
481,1321643.830780906
482,1314023.325032054
483,1267573.027978655
484,1296968.6626004472
485,1459834.6034556294
486,1395526.131265547
487,1354033.856169997
488,897665.8178889191
489,1275026.6614662667
490,1106948.5055559417
491,1382043.2343876525
492,1291203.6056076535
493,1198173.8640975365
494,1459566.3029864
495,1216883.1322920057
496,1295436.7097866358
497,1440456.5558346706
498,1315030.547963412
499,730466.1720005514
500,1304366.81762333
501,1274766.3953188346
502,1383868.2713827787
503,1354822.3971328086
504,1351657.205457837
505,1370871.0590077976
506,1101755.568393967
507,1481875.2043414563
508,913557.8307127936
509,1038055.3796364587
510,1277690.6101857868
511,1311777.3416999523
512,1230629.772033307
513,1309251.7818463547
514,1450151.4676527246
515,1301269.6796787193
516,1235704.4893726027
517,1230194.6503485872
518,1481216.2981459277
519,1467300.7239351582
520,1491240.2291338672
521,1258184.2581122378
522,1269804.3662737298
523,1227722.2438477539
524,1421210.926808926
525,1462760.5099724107
526,1440278.314841082
527,1284353.927072185
528,1314553.1185983652
529,1335922.600106349
530,1490376.5733874813
531,1196380.1805652285
532,1541710.896331918
533,1375076.005855258
534,1288059.1649641844
535,1266976.4621556578
536,1250178.7891489388
537,1382957.0392208428
538,1127451.9680425795
539,1551546.10326695
540,971210.7695820921
541,1078258.0154083995
542,1329699.1936264338
543,1188757.5643814176
544,1235907.1233995853
545,1387474.289959012
546,1403684.0873154444
547,1451831.2510453707
548,1043452.2497822574
549,1269474.0375516817
550,1322219.860838308
551,1389572.9627600678
552,1336126.8196003737
553,1224142.2281179323
554,1442433.7900611768
555,1045845.2322953339
556,1427005.3115567393
557,1114854.0069205938
558,1402012.4782197997
559,1323066.5507923774
560,1204519.2463587043
561,1098416.3222418777
562,1651614.911913998
563,1187173.375430678
564,1350145.6335778441
565,1266307.3243794858
566,1113643.3932864172
567,1139357.3243853217
568,1150898.3903858108
569,1437871.8596629582
570,1237303.7605753317
571,1293995.455362964
572,1569292.9422005243
573,1136340.7789881288
574,1120576.62844393
575,1203294.0882499358
576,1209124.1016191484
577,1546426.3923291548
578,1432636.6309323201
579,1369543.6893695807
580,1188992.2258016008
581,1245865.1139207575
582,1466984.4962945918
583,1389625.8157062929
584,1439164.0816200436
585,1601683.6229514633
586,1127342.4763165328
587,1226845.1054842628
588,1481614.57427804
589,1342127.8442659946
590,1406672.7619201296
591,1107223.823317971
592,1404248.453885434
593,997123.9556592988
594,1670147.08267094
595,990582.8490253483
596,1297359.7708246629
597,1262006.783010515
598,1350561.629181997
599,928143.7474240304
600,1379734.9256781037
601,1368487.1850002557
602,1514059.754077728
603,1429724.956555855
604,994076.7756699458
605,1369411.9842066488
606,1420946.563154513
607,1435756.844551111
608,1393835.3642051432
609,1531619.1842050303
610,1461090.3643464926
611,1535000.6723011618
612,1104127.9468979847
613,1375419.4021694262
614,1241073.3901098485
615,1509834.3621921272
616,887846.6944766635
617,1218518.5213818483
618,1186738.3138671448
619,1191841.8295958806
620,922949.9044889405
621,1407360.6761867104
622,1341245.5692553523
623,1321401.1819336344
624,1435341.7934122493
625,1364026.2594409094
626,1161253.2616578615
627,1173003.7284476096
628,1321937.3057514664
629,1444859.307987584
630,1531672.2535852569
631,1164391.3368429602
632,1410960.969100922
633,917727.0695959866
634,1250090.932735274
635,1472051.9946752868
636,1501610.9817615193
637,1164877.349393638
638,1484746.9750200596
639,1127028.5033131768
640,1488437.7139837514
641,1234550.816076055
642,1382927.624646105
643,1174038.7840056887
644,1408284.7795453314
645,1356145.4800706892
646,972201.3194044547
647,1388083.3475790492
648,1298054.2738247865
649,1426701.7702217996
650,1349687.5652713403
651,1509345.291271071
652,1147791.585684318
653,1384541.502219836
654,1386738.617459172
655,1149749.60694597
656,1112298.2173818965
657,1199724.4553070224
658,1114581.8800842941
659,1441241.1078361664
660,1119677.859879745
661,1309834.7707885848
662,1398557.6193012407
663,1037470.1822651011
664,1476887.832451074
665,1224737.782663982
666,1334505.8311903782
667,1192336.6899092582
668,1401383.5757070438
669,1291063.9135970806
670,1327928.6215355464
671,1330890.4086868882
672,1041344.1996413341
673,1557857.9497000806
674,1097014.2541617427
675,1420302.8345809127
676,1489192.009116757
677,1204136.4020842346
678,970429.3382317091
679,1236730.7475208272
680,1222100.3055468122
681,1316290.7932296575
682,1260175.2436917762
683,1360607.9951702312
684,1288319.982297107
685,1187606.6991610217
686,1428040.7917934367
687,1203221.9820101396
688,1263852.8353974735
689,1270367.8689104281
690,1327689.424207055
691,1133079.633449339
692,1301943.8888754565
693,1333426.2986335922
694,1513696.3505534437
695,1288281.490301906
696,1547362.6014595963
697,1472515.822621263
698,1354593.063297126
699,1529915.8443972187
700,1308967.8898305553
701,1455192.3817746614
702,1621585.5438774384
703,1242111.9871480817
704,1234418.9763102324
705,1456896.839280778
706,1487189.7456055623
707,1004042.5027669546
708,1439829.7094053451
709,1022341.9000736254
710,1431289.011090601
711,1205134.8594704056
712,1152640.133292644
713,1169407.6834324223
714,1011495.8398244284
715,1191166.4787658534
716,1354127.8613592067
717,1298685.7928199794
718,1365742.927638205
719,1472075.7144090144
720,1262041.2288131868
721,1399149.2720275042
722,1245772.2662159782
723,1376634.7237879827
724,1392928.7943160068
725,1211097.2022885715
726,1337355.9944037672
727,1183809.7024768717
728,1456776.68811575
729,1480523.734292954
730,1200095.0452712
731,1469828.3301606132
732,1345906.0551526211
733,1530666.4568623244
734,835374.0749306489
735,1536260.7039627791
736,1382406.8650652166
737,1471664.3031837845
738,1459208.636750232
739,1326640.126760593
740,1021406.2708103294
741,1530003.6395107463
742,1363071.7829867613
743,1101010.787302255
744,1239800.0988917637
745,1206438.9625643203
746,1218408.4888445572
747,1632395.241235427
748,1500380.4991158415
749,1525522.3589210405
750,1516533.580221131
751,1250222.102360375
752,1360466.3857557618
753,1208379.401040884
754,1222120.6247048513
755,1161502.9130767435
756,1478561.623323675
757,1375967.5960710873
758,1204996.2829211312
759,1389885.5478229867
760,1291512.9071147135
761,864765.1483794799
762,1451025.2891560886
763,1281211.0670891844
764,1291343.6458081694
765,978902.8396478434
766,1384464.3783258686
767,1292164.0816694975
768,1267202.560820946
769,1330434.5266520756
770,1370966.8477002326
771,1384417.0519840324
772,1316470.5784299094
773,1454699.526295117
774,1505382.5700031098
775,965922.3183687995
776,1045015.6078529354
777,1163670.7401665077
778,1340786.174932237
779,1446060.8475235156
780,1216252.6185027526
781,1368784.4098077451
782,1079079.8502626105
783,1457427.570660652
784,1415392.3959146354
785,1174270.445420446
786,1272914.447935383
787,1236631.0107538009
788,1436806.8196582287
789,1314246.298475778
790,1165171.036875878
791,1359902.824112318
792,1503898.2894702216
793,1066674.8246434478
794,1404454.5945610832
795,1385783.2295111371
796,1408471.2833042005
797,1395958.9756181163
798,1486517.780759415
799,1412892.2659798462
800,1218048.9917454226
801,1195128.904272995
802,1332783.1974457048
803,1295185.5031602965
804,1378020.2633482108
805,1360337.9549381614
806,1023105.7570149995
807,1354849.1783810465
808,1556669.3662622375
809,1082070.3909491634
810,1264287.1850453545
811,1174938.899596407
812,1304434.2371829327
813,1220147.678001309
814,1180044.0419240438
815,1424807.2261678306
816,1430830.4532407818
817,1345033.2520050025
818,1376424.6343776872
819,1260498.9071012526
820,1236261.1743614296
821,1492109.4536070325
822,1077368.9780227614
823,859936.5166656412
824,1178042.8046582832
825,1407211.670351752
826,1467911.044298791
827,1214834.3457238122
828,1335667.4466154887
829,1287034.0543081127
830,1376196.5580914489
831,974607.8874272736
832,1352395.7137172834
833,1251955.8451510884
834,1432024.898356295
835,1098707.6583792996
836,1462856.2186498183
837,1305529.1012869198
838,1414408.686303934
839,1238300.85889979
840,1446667.735638704
841,1427052.6859949084
842,1551184.9275849892
843,1524943.452035571
844,1146208.8112842133
845,1279878.3832043575
846,1349549.8746970198
847,1271630.8628795897
848,1328669.3447513725
849,1404319.2867856277
850,1329465.6067445537
851,1437631.647005998
852,1409826.9275529806
853,1433655.754403577
854,1437916.9795201381
855,1284301.2123691065
856,1150760.4355874537
857,1320545.3733291083
858,1252695.4572365887
859,1032731.9262394516
860,1057007.1897369311
861,1459116.127666333
862,1479075.8067719096
863,1369947.7000407418
864,1444748.6708489126
865,1517635.9762604008
866,1329284.0798383
867,925682.3777312957
868,1382719.6885585028
869,1471969.894533166
870,1390815.881414629
871,1435243.9476983312
872,892912.1988590988
873,1545858.7729321413
874,1045558.2431398823
875,1373930.8003682534
876,1476362.3392905414
877,1269098.8009104482
878,1310827.792013199
879,1506694.692691173
880,1126561.600523763
881,1375091.8100004955
882,857826.4300829167
883,1309422.956078998
884,1374771.8029836249
885,964431.4511884397
886,1185663.4918779943
887,1249090.6539637404
888,1527401.594947406
889,1164939.5364361317
890,1367102.8214140986
891,1237575.1487385368
892,1344101.7612199269
893,1174972.1908367646
894,1407892.8361112105
895,1364672.074411287
896,1463219.319560855
897,1435404.3326036735
898,1393039.048955676
899,1456161.060599681
900,1458760.1202376836
901,1142951.3102489922
902,1628143.804801188
903,1399972.2298131364
904,850496.0332908015
905,1595615.5319357833
906,1045467.2438341085
907,1348078.2199287263
908,967518.7661482721
909,1565851.7418686245
910,1441606.9434518346
911,1239352.352406314
912,1315820.1208503863
913,1292704.4970845187
914,1357653.9980652009
915,955378.5583619005
916,1493651.4201590738
917,1427385.0480381572
918,1012060.2337163886
919,1433627.565241231
920,1506006.164654233
921,1243539.8125967039
922,1455049.9527355179
923,1533758.3000704185
924,1359327.893584528
925,1157252.525956775
926,1002272.9820471649
927,1187322.1863684254
928,1160417.406007466
929,1433275.8420824637
930,1120879.8949492832
931,1448604.092159885
932,1073896.8328238954
933,1540001.02526277
934,1236006.4063845377
935,1475325.4127462697
936,1406916.6325820088
937,1521365.8935153515
938,1293165.1441844883
939,1549128.8066817115
940,1361563.290555893
941,1133985.4771804754
942,1355755.873417082
943,1443947.4741156723
944,864830.5924767248
945,1351433.6283736671
946,1364387.4380313507
947,1431926.7422805205
948,1410808.026796625
949,1376230.081668727
950,1229660.863048389
951,1463575.6020529433
952,1520378.0180700787
953,1304282.8277679798
954,1267868.312227922
955,1431023.4401388618
956,1279610.7505847344
957,1319500.0224214818
958,1454610.6601253077
959,1195562.2179667798
960,1224111.7758679593
961,799955.0669171612
962,1498675.1764306459
963,954806.6084988175
964,1384421.7576019363
965,1435656.8135319082
966,1349917.3887882205
967,1208779.0870761944
968,917186.701205855
969,1318327.9071468294
970,1495558.3113174015
971,1319736.4068649267
972,1230671.6269044585
973,1417913.2727785807
974,1197647.82592751
975,1145526.9722517054
976,1129178.2767195867
977,1497100.836135577
978,1301757.904615311
979,1311751.6502919982
980,1502486.6742917523
981,1245564.0658148897
982,1260883.5398720824
983,1354570.78709901
984,1344724.4187931656
985,1491269.101223073
986,1207312.9744030347
987,1238952.0409396787
988,1318804.7845523146
989,1479196.2147198927
990,1343936.2912664928
991,1442753.7175963342
992,1429646.840113788
993,1105353.5962613863
994,1376974.4504570954
995,1451646.5172303973
996,1371957.897210245
997,1459668.3206484718
998,848184.4279741683
999,1316445.975658459
1000,1428406.4666212809
1001,1333945.8291127346
1002,1138720.4447575666
1003,1274097.280904872
1004,1095380.009377204
1005,1571599.8573761487
1006,1305771.8686091711
1007,959901.7515021731
1008,992818.3455344794
1009,1224203.6778131106
1010,1417134.5562540276
1011,1355359.875527309
1012,858457.327573336
1013,1167251.4195175148
1014,1248746.0841352697
1015,1329711.7478760695
1016,1476795.558385344
1017,1297124.0775453444
1018,1421440.9645353707
1019,1390638.1014949654
1020,1302600.4404579697
1021,1293709.632797604
1022,1173599.3049579018
1023,1482350.0852542757
1024,1023120.0961624063
1025,1453187.2390058278
1026,1432095.484533157
1027,1218346.3395651802
1028,1496230.122712954
1029,1186845.130707325
1030,1549755.2394478854
1031,1351706.051363371
1032,1311434.226011457
1033,983221.7605741462
1034,1353662.041321672
1035,1426473.5690880974
1036,1274778.4916594694
1037,1201835.2655488984
1038,1141370.6330422526
1039,1404535.481273385
1040,1538675.820769109
1041,1446510.4134770911
1042,1074824.1008615843
1043,1230706.4231464735
1044,1206186.5487346398
1045,1379769.718420329
1046,1467192.9223624433
1047,1503555.4170339815
1048,1155544.0573445412
1049,1242918.6528058038
1050,1178740.7103234336
1051,1445668.6714743057
1052,1202883.381341223
1053,854626.4725125568
1054,1366561.5849891128
1055,1193006.180097065
1056,1425568.0588086362
1057,980018.3057957273
1058,1261194.2186529143
1059,1282256.7896052466
1060,1235039.5597597796
1061,1148512.4933288293
1062,1518456.663216493
1063,1333252.478034319
1064,1355875.3490079811
1065,1401143.0867901384
1066,1358251.8261009348
1067,1565594.3114952997
1068,1304522.1965485648
1069,911452.8976767419
1070,1280394.5189244745
1071,1446282.148155867
1072,1476136.3323958148
1073,1191942.0961375218
1074,918606.3794939915
1075,1059207.6627266863
1076,1258325.0804664192
1077,1148592.9647926702
1078,1386624.447995199
1079,1342353.54021252
1080,1437388.3498216572
1081,1300107.3327955035
1082,1486193.7504693144
1083,1263598.7827407706
1084,1238325.4824222876
1085,1439866.1480438139
1086,999970.5409770424
1087,1381296.6170258685
1088,1110769.8781485385
1089,1271989.4718836604
1090,1182016.454490164
1091,1216055.0364151231
1092,942719.8051526893
1093,1280977.5074223345
1094,1290169.3521443377
1095,999077.3937050698
1096,1577958.2376419064
1097,1293327.8255464185
1098,1409611.8541529302
1099,1404709.6630369988
1100,1418160.4394672203
1101,1058705.4826851524
1102,1294607.0767181108
1103,1167267.0339928395
1104,1325772.31882139
1105,1116400.1472010205
1106,1278720.7074773677
1107,1298398.2714847182
1108,1446340.177539692
1109,1391768.776359
1110,1446222.89559082
1111,1339873.584440717
1112,1284727.0442738822
1113,1212937.3163825516
1114,1505969.183330257
1115,1329164.3789532294
1116,1239337.0661778012
1117,1467383.1914025627
1118,1438027.4689250148
1119,1454562.2246727794
1120,1205399.026885363
1121,1280367.1965811863
1122,1307600.2355436834
1123,806052.9498817578
1124,1217362.152732287
1125,1355779.9500544022
1126,1433126.304028966
1127,1457186.7046865472
1128,1488120.562848666
1129,1480026.0786791989
1130,1448971.272670794
1131,1299696.5630738183
1132,1389131.5614854256
1133,1149993.343669057
1134,1139886.9729583485
1135,1206551.997082324
1136,1430711.4805763126
1137,1234966.1059809623
1138,1422167.1969378365
1139,1012021.3033412432
1140,1235360.7333515438
1141,1380710.5256672965
1142,1159054.9215868672
1143,1410563.9606413261
1144,1515116.981551559
1145,1386655.7548128117
1146,1174403.8834423986
1147,1394496.5998341604
1148,1236002.6962872087
1149,1402298.02190783
1150,1332245.1081595416
1151,1201521.9497255369
1152,1348967.6517813958
1153,1328276.8888076218
1154,1463854.1279620845
1155,1313663.6443837832
1156,930232.8285625994
1157,1080465.0468848187
1158,1403301.792693186
1159,1171784.7553006308
1160,1324052.8753331196
1161,1349788.1231358286
1162,1034396.1979578333
1163,1537886.7745108278
1164,1465321.4520623197
1165,1435239.9444657557
1166,1553620.634301598
1167,1312338.7123089707
1168,1441410.610715062
1169,1426956.8094960405
1170,1445383.6661847127
1171,756318.3393127441
1172,1362524.9502703783
1173,987304.5335737036
1174,1324891.269190167
1175,1238458.959072862
1176,1094974.4928341534
1177,1477442.1568709824
1178,1308455.9644095292
1179,876980.772684302
1180,1378702.8846209473
1181,1296295.3748501379
1182,1424376.4365262808
1183,949004.2535269693
1184,1004270.1556705016
1185,1362180.5763624383
1186,1452249.2118785144
1187,1144825.4992423798
1188,1114474.349175822
1189,1302522.7116103065
1190,1449340.2457601486
1191,1316114.820235021
1192,1070791.793477163
1193,1383264.558227887
1194,1351072.629349863
1195,1170600.0434188906
1196,1227172.6404115625
1197,1313637.7502564217
1198,1062957.1610351517
1199,1398184.2249791585
1200,1302161.5027630862
1201,1390499.385877491
1202,1071789.54449348
1203,1272970.6960261608
1204,1485284.6590402247
1205,1461376.9660058885
1206,1159778.8939368022
1207,1448283.7392211442
1208,1196948.611861461
1209,1243327.5619840124
1210,1400903.4929617937
1211,1175924.1512763712
1212,1249390.721628032
1213,1350313.6330476536
1214,1549255.835538066
1215,866256.7100777383
1216,1573225.529264797
1217,1373019.4792691467
1218,1553736.5714737615
1219,1109508.1504657231
1220,1325041.3416221705
1221,962579.0259023183
1222,1135751.4877399593
1223,1453394.4586141221
1224,1442168.6661869278
1225,1213035.7834511457
1226,1098665.3431887254
1227,1552331.6124565273
1228,1336281.478904204
1229,1529977.7777543522
1230,1315921.5826459792
1231,1498552.4500021792
1232,1479763.5667304161
1233,1346134.5348670294
1234,1361333.9217729818
1235,1376941.1039219603
1236,1201832.9184144
1237,1257175.8801626323
1238,1454638.083224291
1239,939121.3437810749
1240,1486815.9020279357
1241,1350242.508218343
1242,1117969.8007679437
1243,1103302.1035360051
1244,1252894.5641417326
1245,1264287.2864502429
1246,1322905.5471803723
1247,1349901.7808527197
1248,1367741.4694699084
1249,1391361.1715459113
1250,1424940.153207051
1251,1131549.1599061012
1252,1153712.3877423664
1253,1090910.513323228
1254,1473456.8395444986
1255,1196265.3903261174
1256,1024915.2750556647
1257,1230355.0661188513
1258,1285141.9669983205
1259,1132004.1547702176
1260,1365116.788769547
1261,1565925.6286091537
1262,1347579.7070212583
1263,1500655.3036926822
1264,1355971.4603204846
1265,1167319.136033842
1266,1401809.782101874
1267,1218984.2045857247
1268,1229319.475242738
1269,1442539.2424084079
1270,1411045.7207889736
1271,1357083.3941149001
1272,1312698.829333637
1273,1148922.4067957532
1274,925226.7397962412
1275,1051519.2350326562
1276,1042080.9375804333
1277,1025530.7237025991
1278,1480589.0194556452
1279,1102083.0466453314
1280,1481897.3384778684
1281,1427375.102160535
1282,1323775.644141078
1283,1292739.9448902586
1284,1373340.60273449
1285,1532526.2036752284
1286,1382222.5137571292
1287,1130599.0815303235
1288,1307436.2659399426
1289,1424868.5114680275
1290,1284020.7056352575
1291,1381277.5083007948
1292,1228688.8236752371
1293,1085799.0685096441
1294,1354324.5205123506
1295,1438964.81944522
1296,1401074.7088865847
1297,1255536.3250491943
1298,1432783.1456160257
1299,1214670.8676244807
1300,1253606.1597570046
1301,1055714.0877941193
1302,963460.9045270393
1303,1414574.6699787579
1304,1448941.3335167812
1305,1462470.1525682234
1306,1353383.041999806
1307,1450011.421036365
1308,1457845.0944313414
1309,1092740.9682386233
1310,1544450.5650298058
1311,1475217.4995179723
1312,1076927.2644513259
1313,1357870.9848715789
1314,1412530.7655572214
1315,1381993.9776483923
1316,1370751.3453488708
1317,1202828.3124057287
1318,1495517.1417723682
1319,1615220.0034608508
1320,1156593.8768762378
1321,1217324.758559699
1322,1477495.504435012
1323,1116251.0503135405
1324,996558.8839764639
1325,1485486.436844731
1326,1557362.2228004525
1327,1318836.0857926463
1328,1270149.6764234968
1329,1306761.4888810127
1330,1239371.4339966075
1331,1495635.6973109203
1332,1181705.5964441285
1333,1246944.67147536
1334,1384885.2942310798
1335,806445.4746743039
1336,1481688.5715463946
1337,1447159.0881216228
1338,1319014.6876647032
1339,1555043.4949950622
1340,1441853.3549009878
1341,1564198.6312716927
1342,1277495.8161895552
1343,1227752.1373652406
1344,1315231.741850683
1345,1269956.7008473384
1346,1171788.6624233953
1347,1376835.2698277272
1348,1506958.834667897
1349,1369700.532121017
1350,1478291.9653581057
1351,1077084.553373775
1352,1428839.0781063056
1353,972126.2342331648
1354,961576.0574120414
1355,1151801.2806631443
1356,1477438.3870824778
1357,1381622.9882088553
1358,1348074.4859275022
1359,1117304.5449687955
1360,1262153.2603174096
1361,1304537.9115039457
1362,1151623.5549371806
1363,1016580.4964379694
1364,1366987.1727291741
1365,1282541.9695657964
1366,958507.9307098174
1367,1553173.1424723587
1368,1211301.0916694377
1369,1202482.9981034705
1370,1471352.0865268877
1371,1143267.7166809454
1372,1558702.3177906116
1373,1238693.7614841226
1374,1423227.715676346
1375,1395716.3529476873
1376,1355301.6279300172
1377,1453469.9092604392
1378,1095630.5292493233
1379,1496451.7319430679
1380,1440553.0743858214
1381,1151886.6795575314
1382,1459890.485582505
1383,1260470.2937074194
1384,1321020.1182476913
1385,1015892.121453723
1386,1377645.2594290224
1387,1193750.923226121
1388,1216062.6899946842
1389,1371694.7847237228
1390,1428886.994977429
1391,1056882.6798671954
1392,1575314.7607520022
1393,998549.4991952379
1394,1300846.7983157092
1395,1170867.2018831086
1396,1447998.0741243516
1397,1185452.9744096424
1398,1302122.1663026712
1399,1222437.6494233648
1400,1485735.7903864123
1401,1262508.5700726944
1402,1556698.9215644011
1403,1466167.664594966
1404,1129035.5610529166
1405,1513919.9656073642
1406,1201357.8750102327
1407,1467119.8375579133
1408,1346401.7869990794
1409,1197045.5771301056
1410,1517148.1242125903
1411,1428153.7601538363
1412,1211124.548098217
1413,869258.0334284793
1414,1373337.5112096192
1415,1397159.0346308895
1416,1551725.2384356286
1417,1402951.2788444767
1418,1431052.927762611
1419,1503282.7625412792
1420,1230751.8220593883
1421,1297229.8444443224
1422,1240240.7867663866
1423,1389513.6074834028
1424,1187517.0445452572
1425,1349773.109116167
1426,1492185.9968667042
1427,1574452.846977786
1428,1474444.1152567812
1429,1150947.6882452155
1430,1397428.2702818492
1431,1041611.3866518873
1432,1103093.5240892011
1433,1518865.2652367484
1434,1482100.5478124155
1435,1377455.07994901
1436,1506594.7342477683
1437,1432232.3126905158
1438,1124847.2018223198
1439,1618357.1439664676
1440,1398401.3513611574
1441,1490570.9762472375
1442,987096.7770099384
1443,1383289.3730455982
1444,1511566.599709494
1445,1321645.9993571513
1446,1173069.778618662
1447,1468680.6702635388
1448,1009833.3405839188
1449,1139839.2114847898
1450,1307697.1289985997
1451,1527197.6761006957
1452,1364182.3218536905
1453,1187162.2808682353
1454,1468308.2564031067
1455,1354003.4815595262
1456,1379197.94808974
1457,1466364.0086232438
1458,1303394.1349093202
1459,1487474.4977170909
1460,932586.573582577
1461,1172644.0421523815
1462,1453525.746831365
1463,1188870.8790098217
1464,1332025.5445315482
1465,1458814.957248715
1466,1264684.8869720143
1467,1204328.0639755991
1468,959491.1835608807
1469,950789.7760979393
1470,1568028.2233543654
1471,1413476.7947401162
1472,1091954.719510609
1473,1456505.7474073719
1474,1088005.131073206
1475,1298306.5008041938
1476,1058992.5490267496
1477,1332592.26130126
1478,944380.9678057298
1479,1462239.9112778404
1480,1278499.227032336
1481,1342925.4131952184
1482,1508114.045243326
1483,1285222.0004737624
1484,967443.0821049743
1485,1179820.6288830026
1486,1645426.027286076
1487,1086969.7460328115
1488,914177.7726318449
1489,1046707.4669419352
1490,1243246.1191629074
1491,1129604.5831326668
1492,1453625.6670542029
1493,1448393.1668498581
1494,1423058.5073361206
1495,1293877.6959547799
1496,1064973.3873899234
1497,1403684.0236664743
1498,1463098.8271021647
1499,973739.7175057115
1500,1337838.554361401
1501,1336874.7113035542
1502,1464460.1288800195
1503,1525325.066851524
1504,1248984.25942287
1505,1181005.095473899
1506,913990.5161263561
1507,1345946.1054969798
1508,1146425.3489775162
1509,1476165.8047757419
1510,993709.2835681974
1511,1146845.3322043016
1512,974214.9369724898
1513,905007.3978855194
1514,1262302.6035748299
1515,1361138.776514221
1516,1054206.5288080918
1517,1326186.8481755375
1518,996797.3577882075
1519,993719.5742242844
1520,1217492.642478393
1521,1268487.124900003
1522,1487713.346356425
1523,1416215.2423972816
1524,1472324.6340084616
1525,1556821.7931390556
1526,1141260.7777896915
1527,1367724.6399021004
1528,1383271.2143325198
1529,1422306.9316755144
1530,1293911.793372365
1531,1406524.4777596465
1532,1440503.6208847277
1533,1280353.8254255792
1534,1236805.9404901958
1535,1395631.6547728889
1536,1277190.901632064
1537,1363294.9126706193
1538,1477582.373547753
1539,1468615.0515280135
1540,1447097.3568247987
1541,1358921.5922954073
1542,1203148.3600153818
1543,1310328.0724785628
1544,1388482.1146508253
1545,944194.1967617683
1546,1011777.8037810719
1547,1136410.000244604
1548,1354508.7671233288
1549,1292748.4231945958
1550,1241634.2810072112
1551,1192485.6414861688
1552,877754.5292368513
1553,1388874.1331364654
1554,1261266.3541198396
1555,1492471.6003294343
1556,1487295.7228938353
1557,1189569.2987732198
1558,1376917.7175850335
1559,1113638.1969936527
1560,1197553.0483099145
1561,1318275.8866274154
1562,1455294.9189130536
1563,1413959.374750321
1564,1234815.8864010647
1565,1308348.1893817007
1566,1148289.4469393538
1567,1316098.2806156743
1568,1338910.1839247781
1569,1276769.3796966728
1570,1344262.0749078072
1571,1305025.218813682
1572,1332585.603301304
1573,1464249.71606801
1574,1286615.7625994578
1575,1392734.6070161012
1576,1181326.6715111402
1577,1387126.241509991
1578,1192956.6305582635
1579,1441684.7282168008
1580,1130847.120651933
1581,1490521.1426739583
1582,1428268.2903859727
1583,1440041.441864857
1584,869625.9782767536
1585,1456300.903131502
1586,1277356.1241603137
1587,1529731.7151010132
1588,1394606.0155843836
1589,1288001.5250110235
1590,1406319.1714950488
1591,952933.655368702
1592,1350349.3809741694
1593,1421762.0443365844
1594,1352422.9233747812
1595,1356794.5270578926
1596,1205791.9157768101
1597,1609357.2656209825
1598,954708.5213145417
1599,988524.657317614
1600,1138280.1165284454
1601,1433344.7821595967
1602,1214353.5664064812
1603,1360852.3196771147
1604,1085732.8572540455
1605,1597262.1009804374
1606,1331967.289104888
1607,1182134.033671192
1608,1292684.680912543
1609,1421317.5083524056
1610,875010.6245564541
1611,1163432.9993508987
1612,1327292.6888479327
1613,1318703.9986927602
1614,1228228.3441307708
1615,1288316.973219796
1616,1555056.782746376
1617,1451148.5436135659
1618,968792.4157392881
1619,1601167.7046480833
1620,1525390.0257983468
1621,1224561.9919250445
1622,1477570.6112665506
1623,1559052.222841805
1624,1157928.7014430487
1625,1273584.993453548
1626,1101041.153164133
1627,1525727.3291063092
1628,1355050.238986846
1629,1595219.3820248016
1630,1233382.8322953791
1631,1184973.6225366897
1632,1238071.1776160242
1633,1213291.9965423383
1634,1431291.0969128117
1635,1461904.2733380834
1636,1290501.1426803435
1637,1444761.5860170089
1638,1367881.3556944472
1639,1185536.9100731157
1640,1424582.2341268938
1641,1224001.7175893735
1642,1399028.0739959925
1643,1298231.1278888439
1644,1344362.2297869953
1645,1488470.3616063797
1646,1259743.2693002536
1647,964175.5659785337
1648,1342773.0929648883
1649,1345236.2530588019
1650,1475229.5483570937
1651,1372940.3462273853
1652,1227755.928100688
1653,881914.800584396
1654,1186218.885933257
1655,1610251.960568661
1656,1098537.6856292975
1657,1058913.3594361774
1658,1273443.1023227996
1659,933442.1475350868
1660,1554113.205494709
1661,1001344.8936247645
1662,1251429.481584004
1663,1253109.901248802
1664,1343832.6301889732
1665,1518080.8858816337
1666,1300580.3967972647
1667,1418872.6673106006
1668,1411422.92302292
1669,1219059.7365183516
1670,1461780.0455362124
1671,1267255.2775003458
1672,1544956.0615385096
1673,1302143.5986465542
1674,1519194.33615795
1675,1095499.0741126537
1676,1206651.119269017
1677,1222051.0121919736
1678,1480425.227918401
1679,1239618.4861918208
1680,1080454.804683012
1681,1020537.8090178678
1682,1367786.224467356
1683,1255636.755537954
1684,1436851.846167909
1685,1458779.5970570578
1686,1273810.2539582362
1687,1533709.3593724612
1688,1166065.3583303764
1689,1397455.8940022697
1690,1285123.4679190905
1691,1274130.6555131257
1692,1281377.023001087
1693,1279301.2219329996
1694,1384383.523085645
1695,1454364.6911990526
1696,1429219.6446494702
1697,1073333.1745786187
1698,1364429.3316742252
1699,1049616.1783209569
1700,932207.7087602839
1701,1372973.658334629
1702,1350296.332516475
1703,1497512.0821609383
1704,1319526.378899864
1705,1402759.5821803221
1706,1386539.8607476994
1707,1559053.5319805325
1708,1437301.458355576
1709,1462910.8254849608
1710,1487037.777286556
1711,1293796.3207717624
1712,1417252.8491214328
1713,967120.1352337992
1714,1133658.3630300004
1715,1227326.034112979
1716,1280836.4131456562
1717,1202152.6815460601
1718,1293026.6548325622
1719,1424913.9579775988
1720,1509215.2546491134
1721,1467411.566649159
1722,1360892.8111742567
1723,1359424.0006848392
1724,1216277.6653858763
1725,1393936.8969524915
1726,850972.1873336531
1727,1548498.5691655802
1728,1284907.3542213393
1729,1409606.5473246945
1730,831607.9085948216
1731,1330969.633142587
1732,1481228.9898763758
1733,1518730.2490122973
1734,1465493.6835732353
1735,1391417.3241277225
1736,1507875.6320275262
1737,1065463.6442789324
1738,1380055.0892716104
1739,1576472.8229632538
1740,1478927.2944272168
1741,1132641.6957498845
1742,886680.4431340074
1743,1435940.9075517592
1744,1533094.7995800825
1745,1309464.306385491
1746,1370428.4034090014
1747,1174252.385336691
1748,1505921.0171152153
1749,1345112.2973813084
1750,1359278.1914981594
1751,940431.5088240614
1752,878272.7236805917
1753,1261378.6383740194
1754,1059719.9367722631
1755,1204794.539628711
1756,1440343.7222085383
1757,1321258.5777340864
1758,1205668.6906677322
1759,1321332.3922586204
1760,1434928.6404702403
1761,1327834.7076522722
1762,1468258.3376207224
1763,1419220.353772592
1764,1313463.371501566
1765,1430097.137035998
1766,1374670.6570300758
1767,1379934.8280727195
1768,1430716.2680265734
1769,1083029.1650939644
1770,1214870.6139084846
1771,754738.3360638157
1772,1301286.2288908798
1773,1158947.25656006
1774,1331279.6898881306
1775,1588752.89062376
1776,1100983.2008604317
1777,1369595.8926693508
1778,1133645.5719850473
1779,1211018.0113887244
1780,1268678.1062580624
1781,1312116.7926962716
1782,1250090.7358990903
1783,1474843.721452931
1784,1386419.3234155786
1785,1402679.3810994125
1786,1498895.7661266872
1787,881797.1837553085
1788,1049484.851305762
1789,1383851.186054398
1790,1139995.7472705531
1791,1544537.6823298407
1792,983366.6686088772
1793,1059025.9879157792
1794,1126333.4538676476
1795,1412510.9085896069
1796,1410578.6352477407
1797,1491087.1684912073
1798,1269544.5917496749
1799,1415347.6240831108
1800,1457453.8552529316
1801,1336623.3460750927
1802,1235999.7292207882
1803,1285612.0874726481
1804,1393710.483318498
1805,1354419.4299929575
1806,1254407.4620856945
1807,1237148.8731591043
1808,1362112.1147884831
1809,1347295.318952418
1810,1396643.2592658899
1811,1179669.2920167989
1812,1388402.6325155583
1813,1405828.857207595
1814,1010931.9571069089
1815,1282924.4452744846
1816,1015132.0892582793
1817,1251846.7198071347
1818,1355455.4627114134
1819,1418619.3780266007
1820,1328487.3026771988
1821,1348624.9728644877
1822,1153290.0319633235
1823,1179493.606798797
1824,1460436.8508977955
1825,1195311.614217029
1826,1269338.8713996739
1827,1019941.4866706736
1828,1369631.8802859818
1829,1418299.7613332465
1830,1425839.7805440377
1831,1335628.28775434
1832,1491561.9605439482
1833,1410716.9412785901
1834,1386694.7544846467
1835,1121668.528417229
1836,1413924.0994065695
1837,1253955.1503533185
1838,1538053.0719552666
1839,1373541.4521395958
1840,1355237.9397439773
1841,1571323.220382055
1842,1311247.0869105782
1843,1164900.6507096472
1844,1406598.0613714398
1845,1376145.0646617797
1846,1214629.4618014563
1847,1292422.5364661508
1848,1028529.9655567938
1849,1510046.9247184782
1850,1186691.6590480523
1851,1355844.1976005528
1852,1394314.8847823436
1853,1397164.067703374
1854,1134629.8499401028
1855,1504219.9827756844
1856,1463828.3669461394
1857,1195647.013304323
1858,1397847.513295755
1859,1095922.463086696
1860,942229.088759186
1861,1264125.6924165091
1862,1103077.5866940666
1863,1491615.0302662998
1864,1405834.9684443164
1865,1247003.1635438718
1866,1432631.3183971825
1867,1441274.4494840493
1868,1499439.0056686958
1869,1441307.7994759486
1870,1343959.9078485114
1871,1529670.353271584
1872,1487785.1940358903
1873,1305992.2497053505
1874,1176685.9339907882
1875,1115035.8394852506
1876,1355524.9549768523
1877,1278334.651248437
1878,1398625.5089415303
1879,1414705.18458694
1880,1495504.1026604455
1881,1477629.7308132243
1882,1238241.573280036
1883,1201371.6044608634
1884,820407.6676267511
1885,1438690.4058937947
1886,1292306.8831084971
1887,1334831.9777347592
1888,1403265.7737547124
1889,1443622.0412795502
1890,1427569.2608584657
1891,1362727.4956889611
1892,1375506.9900954347
1893,1380756.1192855588
1894,1008217.1793091297
1895,1428744.9495706619
1896,1369897.1759297906
1897,1357298.8071431958
1898,994779.8873799277
1899,1417472.1273509369
1900,1456071.2098591418
1901,1407645.6247145948
1902,1244340.0887177642
1903,1140348.1058829497
1904,1189247.4155310986
1905,1266419.9564352154
1906,1400034.708324675
1907,977898.0166414137
1908,1499153.147953434
1909,1391131.5929353323
1910,1247955.5333119773
1911,1120196.4999027879
1912,1501127.4976166985
1913,948234.3131557554
1914,1336697.4498636883
1915,1235042.5330426232
1916,1265758.9112895974
1917,1210252.018543273
1918,1245473.1196742712
1919,1224415.2557402474
1920,896341.623257564
1921,1316171.568228632
1922,1482059.0742195162
1923,1378208.6304740165
1924,1453033.4761983207
1925,1172066.1515093541
1926,1366198.043901225
1927,1415410.266098823
1928,1492521.8519407946
1929,1155602.0808538813
1930,1341980.2015069693
1931,1531920.1796509388
1932,1221842.4341688356
1933,1417571.8475842634
1934,1186713.4591821881
1935,1242745.217608438
1936,1334289.9368356792
1937,1408633.7860851102
1938,1373717.2232057732
1939,1419974.637766209
1940,1406011.1517086492
1941,1379183.0917290582
1942,1482094.9453534312
1943,982761.1152839452
1944,1433103.6193615973
1945,1240366.4781812276
1946,1490338.512135889
1947,1324600.1717009302
1948,1324472.0604217844
1949,1157756.4611983201
1950,1054135.848328925
1951,1449062.788089764
1952,1417156.15340741
1953,1168271.2316279388
1954,1466853.3944728887
1955,1550570.4442179794
1956,1152516.2956144537
1957,1496321.490856774
1958,1056250.0020631065
1959,1363601.183153436
1960,1561278.189529709
1961,1199443.1402972408
1962,1499140.8267018793
1963,1481839.9738642944
1964,1459276.7936169573
1965,1155279.2958888358
1966,1398853.6732363724
1967,1396526.5749916031
1968,920931.70562129
1969,1400144.5439989422
1970,877223.9198708712
1971,1054196.9900312154
1972,1297481.17805929
1973,1443181.278596723
1974,1434073.0994380042
1975,1408983.9623712858
1976,1260386.230015226
1977,1250057.2562539617
1978,1177586.7168518517
1979,1310941.2057693484
1980,1434795.2496161228
1981,1131456.9158378628
1982,1438501.340577062
1983,1376838.3552055268
1984,1430113.2182273439
1985,1449949.9034555315
1986,1078118.4028388467
1987,1346698.9598913381
1988,1025910.0072780126
1989,1109889.4151891791
1990,1320715.1812928994
1991,1359239.47088404
1992,987235.3820439243
1993,1377743.1013219527
1994,1378055.371542656
1995,1271051.1858568173
1996,1394605.8878984428
1997,1286229.477026372
1998,1384900.023371507
1999,1376014.0525075882
2000,1253893.0845964982
2001,1406317.3042187854
2002,1328420.7039447087
2003,1199187.8420096964
2004,1566976.201530657
2005,1474030.9392426345
2006,1351282.6680411347
2007,1292869.377767969
2008,1249781.4330263834
2009,1150667.0427360358
2010,1395914.4297706496
2011,1477326.7095777898
2012,1013638.5458050163
2013,1437199.1550449627
2014,1524468.1683263662
2015,1408704.8960677134
2016,932154.9836007158
2017,1446845.1635892987
2018,1251517.9607325
2019,1318384.3673247057
2020,1313915.1621714775
2021,1192193.98764622
2022,1026377.4037714191
2023,1329564.2214163314
2024,1095692.4109443398
2025,1130626.616365197
2026,1332273.024430003
2027,1505665.1447588394
2028,1481039.9268835492
2029,1313426.0819000257
2030,1209998.0620762531
2031,1450040.0341900813
2032,1410075.5811091345
2033,1301863.3106420077
2034,1219186.526108333
2035,1100384.7695310193
2036,1405623.970021432
2037,1280100.8804673555
2038,1343812.7785817068
2039,1324419.6866707066
2040,1574403.6914082204
2041,1259529.556830807
2042,1425122.7998497114
2043,1283827.0108322545
2044,1011065.187038771
2045,1331851.7723004331
2046,1248257.3513833848
2047,1499437.3291789857
2048,1058317.7207550188
2049,1307637.800439929
2050,1410582.0868165279
2051,1537726.798054312
2052,1446458.2832043485
2053,1401812.5602664035
2054,1487888.8967404598
2055,1425790.3103280573
2056,1436891.335046196
2057,1105077.4728247337
2058,1590741.887646835
2059,1269188.3309210867
2060,1564584.9744856227
2061,1571176.8352894664
2062,1273268.314798425
2063,1373726.2314522362
2064,1118873.47161307
2065,1526304.1318605135
2066,1397706.0806285997
2067,1387444.836733232
2068,1504637.9659682692
2069,1082235.840054874
2070,936392.1412104209
2071,1172181.4776222345
2072,1197318.9691217882
2073,1101086.4180714528
2074,1146308.7279449694
2075,1287993.8669541006
2076,1204985.8282284718
2077,1285455.7347079609
2078,1361384.3154532884
2079,1298858.1701981926
2080,1072514.3136057283
2081,1386157.547097667
2082,1258659.2795418012
2083,1453558.108335678
2084,1485501.6345255838
2085,1019333.9080840108
2086,1360554.956715095
2087,1269566.1344338714
2088,1187392.821523675
2089,1290085.5803858028
2090,1277598.805199024
2091,1153857.4279254128
2092,1418288.3073115682
2093,1563475.0503951544
2094,1487974.0581821078
2095,1075680.6779895409
2096,1408442.7011305327
2097,1321219.56544344
2098,991117.6815999063
2099,1171713.582930146
2100,1219779.3642992598
2101,1342556.156347047
2102,1414904.4448428878
2103,1359882.226556268
2104,1482567.9520056588
2105,1520932.9906898965
2106,1193331.0055126327
2107,999757.770344748
2108,1534981.4247054614
2109,1295162.346080298
2110,1142324.9144221726
2111,1198007.8346778238
2112,1244895.2732276681
2113,1539364.0306116762
2114,1457432.9938397573
2115,1528213.3591638175
2116,1021289.1494991543
2117,1299013.5430205
2118,1402422.0439045827
2119,1109560.2644677807
2120,1390829.5411788973
2121,1358329.7245527592
2122,1080664.8975230413
2123,1509274.6957218936
2124,1408513.0926174233
2125,1254232.3368884567
2126,1035467.661158883
2127,1238121.871787409
2128,1215509.4031967544
2129,1164706.8967112328
2130,1371740.7192009387
2131,1516786.5890161141
2132,1472610.5508735941
2133,1174229.1838261841
2134,1335711.3424863094
2135,1147706.5594759725
2136,831229.1437246639
2137,1240651.0930903275
2138,1457468.3676513627
2139,1223454.710892972
2140,1333867.2681252363
2141,1411903.2846306714
2142,1329219.1875436225
2143,1088034.3967782
2144,1230759.299293203
2145,1186067.7305729403
2146,1252329.0530385103
2147,1446282.150169013
2148,1115033.64905015
2149,1329961.8283260118
2150,1507130.6475444625
2151,1286806.2233206667
2152,1393510.8901411965
2153,1300315.7543149553
2154,1137955.3783732003
2155,1340295.6180866708
2156,1249859.6163621054
2157,983035.7817901772
2158,1269609.6790332375
2159,1206491.9614521132
2160,1156427.6321594284
2161,1297678.7160480812
2162,1356474.1862599056
2163,1295131.323001124
2164,1440132.161774756
2165,1194774.2719189173
2166,1420451.1745723868
2167,1437825.707373464
2168,1513234.7993077284
2169,1393772.3478100176
2170,1590359.3005813854
2171,1457770.5223805478
2172,1435176.0140598952
2173,1630253.4199364777
2174,1287109.4829558586
2175,1174248.6527346605
2176,1174625.7410528874
2177,1161510.2668658886
2178,1527516.757683574
2179,1240974.315705918
2180,1415279.761333847
2181,1136167.8150269273
2182,1477536.9133647194
2183,1176515.1819476709
2184,1418957.0071240703
2185,1469105.525127325
2186,1229548.642143201
2187,929328.3904181734
2188,1251548.8975693078
2189,1485526.76212025
2190,1114074.5738920192
2191,1510923.6737634744
2192,1131018.7168983282
2193,1214544.2537599225
2194,922968.2517613065
2195,1452777.6337067895
2196,1377680.4246980324
2197,1443897.1975506067
2198,1473386.2234741086
2199,1357910.271026071
2200,1273618.794306151
2201,1065609.6761122397
2202,1213674.041930126
2203,1481370.860833354
2204,1016129.0213877594
2205,1426635.044485577
2206,1298461.8688427673
2207,1406623.315099666
2208,1345141.1108405555
2209,1069540.4506843416
2210,1140086.7691641964
2211,1471407.2767258475
2212,1100589.0955150886
2213,1252093.7668394686
2214,1270160.3015112502
2215,1430009.030691873
2216,1485660.2341399312
2217,1449791.0195172627
2218,1224834.9168522947
2219,1412202.4652133542
2220,1260389.5797187202
2221,1460559.3060261256
2222,1009383.5804406365
2223,1190842.2593777308
2224,1503663.4612599183
2225,1439291.630361555
2226,1409750.955624689
2227,1336334.6066912035
2228,1413088.5005971815
2229,1346564.3632478523
2230,1481084.7545419466
2231,1451678.3144272508
2232,1413443.0925622003
2233,1443074.241589145
2234,1462678.424909865
2235,1339512.5162505186
2236,1362683.440028079
2237,1270694.2750417388
2238,1554590.6129382453
2239,1585497.758680642
2240,1414608.3125459277
2241,1350872.6638254437
2242,1079316.5210346985
2243,1344656.0690747933
2244,1157882.2808661726
2245,1255353.9759550013
2246,1494117.603602167
2247,1083812.3096269083
2248,1321067.6996644253
2249,1459610.976993152
2250,1364555.5739240583
2251,1254889.75908681
2252,1411750.3914120723
2253,1303817.2486813676
2254,1350595.7895318728
2255,1006346.1975037211
2256,1522890.0855076597
2257,1322026.5182176833
2258,1367333.7884864926
2259,1415549.0647413642
2260,1320537.821986106
2261,1026818.4480934956
2262,1362550.9700787768
2263,1236063.8474425883
2264,1507073.54709411
2265,1432786.7945524685
2266,1410579.4541536097
2267,1464994.4055144917
2268,1465012.8313782527
2269,1087188.8802418313
2270,1334155.4805740227
2271,1344702.397326272
2272,1099364.545020877
2273,1322026.9871214437
2274,1108813.4044256858
2275,1099038.0109846834
2276,1176614.4406693142
2277,1030129.6887119054
2278,1293255.5029838823
2279,1050439.7468853216
2280,1401048.1372080317
2281,1453391.6407421164
2282,1254993.5716836117
2283,1164722.5874169597
2284,1541579.4000229796
2285,1396226.2033014153
2286,1138588.1798769636
2287,1511601.8901940228
2288,1178087.2278428206
2289,1563993.7912233935
2290,1156047.2231877707
2291,1389159.1551427052
2292,1562928.2940378902
2293,967707.9119951669
2294,1478114.7623304052
2295,904990.7872205818
2296,1022446.4774356221
2297,1096732.2348178427
2298,1286222.6545026242
2299,1202718.7039417587
2300,1596813.2366458403
2301,1469980.7370934656
2302,1248068.1720453529
2303,1292193.790450755
2304,1320536.8100542324
2305,1384135.469970023
2306,1083204.0247524958
2307,1128592.5844884429
2308,1405767.5914604317
2309,1493084.030608076
2310,1311141.4802804138
2311,1467855.697972237
2312,1427741.1664326729
2313,1442748.3054290258
2314,1359738.605966821
2315,1426688.5364916478
2316,1268248.8414702613
2317,1318832.0104669265
2318,1216027.3986554432
2319,1315911.8709614498
2320,1423959.7822083067
2321,1473964.322258638
2322,1407918.9275956904
2323,1169954.500639153
2324,1388892.0237107503
2325,1418282.026024315
2326,1266668.8227517651
2327,1264755.4067499966
2328,1167425.0225571238
2329,1212653.5231553467
2330,1409963.629696653
2331,1424340.624966088
2332,1195455.9099330532
2333,1399741.8550497373
2334,1544272.658309341
2335,1128576.0145774677
2336,1411791.5433350478
2337,1003477.4334537227
2338,1144586.3367142258
2339,1460755.4092045017
2340,1304318.97869467
2341,801620.0676263686
2342,1311734.6210260547
2343,1345111.0347526658
2344,984068.2449119842
2345,1349276.8228377795
2346,1307127.618504101
2347,1593828.7710714226
2348,954000.2445313382
2349,1231143.5226870414
2350,1464283.554351729
2351,1230361.7877019055
2352,1040227.8116106108
2353,1461545.1254526775
2354,1427124.86412321
2355,1275616.3365744273
2356,1284096.546620999
2357,1249256.1585098258
2358,1051358.3809106804
2359,1255441.7999361674
2360,1299075.8479486848
2361,1208657.7519035074
2362,1277092.1127641103
2363,1210091.8758068031
2364,1445727.6635422914
2365,1218781.0156591043
2366,1196388.8186430838
2367,1434625.03933813
2368,1471750.6193260213
2369,1141356.5471974923
2370,1233192.3667059683
2371,1347014.4785318451
2372,1284808.9272387493
2373,1293060.7300838553
2374,1376290.6935350383
2375,1348093.4381477814
2376,1559540.238349667
2377,1438799.8784750102
2378,1405805.5476710729
2379,1419247.067103767
2380,1437829.8820664447
2381,1509995.5380681534
2382,1129520.7628016649
2383,1339349.8926045008
2384,1528206.5227013319
2385,1327904.7372086863
2386,1227527.2984149288
2387,1544453.4626912044
2388,1146744.4234431055
2389,1274493.9113046334
2390,1360542.8903690386
2391,1183444.6768856344
2392,1448330.833594828
2393,1189171.1997849653
2394,1441120.5103291394
2395,1173158.740271702
2396,1133666.6311081063
2397,1532326.3422953817
2398,1196552.3847332913
2399,1207588.8215521402
2400,1502111.8403326073
2401,1505393.2043416903
2402,1266475.996479818
2403,1050648.3877311323
2404,893329.668314311
2405,1496911.549640209
2406,1235290.2220430681
2407,1270629.7589940254
2408,1289446.5811147767
2409,1485337.9867433656
2410,1301537.7911240903
2411,1373548.2797083019
2412,1345304.640741597
2413,1332452.1785547815
2414,1422392.3970266108
2415,1264298.080597268
2416,1408973.023371715
2417,1402645.2588361946
2418,1462333.646763799
2419,1090145.1534294076
2420,1490498.4304084447
2421,1230151.7990362414
2422,1372114.6401007741
2423,902173.5996372428
2424,1217045.7581941474
2425,1370960.729236679
2426,1355792.139721278
2427,1074244.2775751157
2428,1070848.0766358334
2429,1225754.4980415057
2430,1205863.5265976563
2431,1404552.354125347
2432,1153833.493711578
2433,1542165.9866515517
2434,1206423.4138367106
2435,1277021.0844436178
2436,1411994.592574834
2437,1363799.0033436068
2438,1240525.4415093213
2439,1440688.4642332185
2440,1233943.0999188637
2441,1124383.0457575948
2442,1493806.2487379743
2443,1281490.4273472317
2444,1230521.3129740206
2445,1295841.7151908514
2446,1451778.1391284964
2447,1350437.360192655
2448,1455502.4431484288
2449,1393191.8193607256
2450,1264096.6478456676
2451,1229926.6168193596
2452,1015436.1550002048
2453,1379467.1668551723
2454,1493245.2396336433
2455,1464533.4833656512
2456,1128571.8677574114
2457,1470486.3738366023
2458,1498063.4853351333
2459,1231804.7260727915
2460,1493572.513382669
2461,1365931.6484626553
2462,1264013.629395584
2463,1151070.186478607
2464,1441970.900867808
2465,1060097.4444344412
2466,1039070.9790305172
2467,1572762.7819034373
2468,1082327.1501131137
2469,1054865.8417101498
2470,932478.9814758253
2471,1254636.8954043034
2472,1483137.8253625764
2473,1475717.4453426115
2474,1541900.4060036505
2475,1051904.9169924785
2476,1404903.0683266672
2477,1235695.0099691213
2478,1342258.0754221126
2479,1186225.5575173614
2480,1402459.0470739433
2481,1410741.4628068628
2482,1207090.0590931084
2483,1445757.9565927722
2484,1228544.3635321036
2485,1266118.6733629133
2486,1214266.0591506984
2487,1089950.6857667745
2488,1337959.8166644098
2489,1202262.876956896
2490,1433106.5937895451
2491,1159950.9785706464
2492,1368412.2856614543
2493,1294600.6390680806
2494,1267105.8251244354
2495,1530871.7516528484
2496,1333350.7449575611
2497,1350436.908390432
2498,1479104.6628783504
2499,1399278.9199632753
2500,1424734.588138414
2501,1455667.2106827728
2502,1401950.4364479429
2503,1279567.8378023035
2504,1388564.522257403
2505,1374558.6415970332
2506,1369826.443831335
2507,1165494.9335751259
2508,1068185.4963080855
2509,1202289.6141916914
2510,1284783.1779663488
2511,1506818.4988904141
2512,1306830.6174006355
2513,1383722.5216193355
2514,1251166.9722893946
2515,1500281.1636104682
2516,1288927.7016723924
2517,1391747.4183183757
2518,1421288.2110361543
2519,1556529.3991130646
2520,1144990.5801234108
2521,1117636.129492821
2522,1359070.4991327613
2523,1286863.3428336233
2524,1518329.9503301997
2525,1321531.0315512675
2526,1388099.1537759178
2527,1195198.6324504612
2528,1494273.704402277
2529,1338964.4498093373
2530,1589898.888294532
2531,1347448.2693758646
2532,1143513.9680351194
2533,1338680.8845544124
2534,1393118.6009833752
2535,1273959.2622942377
2536,1570996.160274442
2537,1404700.0869434741
2538,1468628.7557040618
2539,1277668.4051337335
2540,1466540.6915039385
2541,1214886.7202937629
2542,1388298.956879173
2543,1261055.5545053785
2544,1517462.1018229173
2545,1324340.198528475
2546,1388003.1746110723
2547,1239806.2178761002
2548,1114267.672260512
2549,1436719.3741764
2550,1177829.872416331
2551,1671946.0904164847
2552,1213884.8541506329
2553,1320681.5942319252
2554,1066128.560678247
2555,1411400.8115910017
2556,1352493.7119499594
2557,1024053.608169421
2558,1293719.7837853322
2559,1279961.8351207972
2560,1053292.157234889
2561,1524819.4272669542
2562,1411215.6958449455
2563,1251221.7501487143
2564,1494320.042966406
2565,1565368.3672511026
2566,1341049.3549965958
2567,1428230.3846542106
2568,1283539.2414558781
2569,1357803.1210221772
2570,1163070.49542912
2571,1411036.0253632881
2572,1527346.240417329
2573,1474503.455041087
2574,1010354.1453765605
2575,1320993.8593373555
2576,1327428.2904175457
2577,1053652.9694295782
2578,1429100.6491033835
2579,1311019.0917402685
2580,1301185.204555783
2581,1451767.2095968518
2582,1120830.6810018714
2583,1536379.7263480374
2584,1517832.5725412238
2585,1170831.9067813982
2586,1395465.8330571312
2587,1408907.639401993
2588,1536556.5231145858
2589,1404834.1536200738
2590,1178012.1305172879
2591,1404466.1697295124
2592,1410890.4580516268
2593,1427733.7128980733
2594,1039364.3720462023
2595,1291773.103433048
2596,1468903.4713797753
2597,1422797.9444323173
2598,1263099.731907593
2599,1370324.1014517983
2600,1218224.90591645
2601,1294813.737038777
2602,1405064.5047893585
2603,1078199.7106873288
2604,1372431.030173759
2605,1450162.603313986
2606,1275013.349484916
2607,1624504.6852547799
2608,1249137.55178569
2609,1271676.0723497681
2610,1383620.5871406654
2611,1488815.3919414093
2612,1646975.2464795762
2613,1197118.1658168442
2614,1497032.7481673292
2615,1385457.7620963135
2616,1339275.795184357
2617,1525238.4649853583
2618,1369610.569000651
2619,1447025.6156646574
2620,1435615.1633427897
2621,1409388.2335322315
2622,1334615.8077248668
2623,1423469.8113024493
2624,1224147.8637247286
2625,1312552.1905717792
2626,1169640.3820768853
2627,1505662.4650803877
2628,1506356.3823464368
2629,1260570.0172485495
2630,1256303.6205936284
2631,1522369.2615834011
2632,1460416.0450354728
2633,1181949.8757669306
2634,1501531.8666999994
2635,840807.4116663184
2636,1533410.5876951483
2637,1421985.33185755
2638,1378071.7859801047
2639,1261379.6430026928
2640,1344611.5066462967
2641,1541786.5368213793
2642,1384002.3379959753
2643,1369867.8335164639
2644,1324848.2624926434
2645,1478010.871663446
2646,1229832.3256912557
2647,1002926.4074461694
2648,1475809.2513010954
2649,926651.2399022245
2650,1264765.8480313425
2651,1297399.087235576
2652,1271782.5665127996
2653,1470622.5965051425
2654,1492346.7992155314
2655,1448902.9616438297
2656,1400600.4923162616
2657,1418479.698718039
2658,957794.2546200592
2659,1451130.56373536
2660,1212048.8661143593
2661,1490657.2718894335
2662,1159386.8383735572
2663,1607456.7374193121
2664,1460477.6344837584
2665,1275705.716560983
2666,1208661.7548244745
2667,1341464.855809238
2668,1432025.791067589
2669,1506519.641859714
2670,1397825.8479626328
2671,1343059.9486550011
2672,1160452.1286219894
2673,1300944.240119303
2674,1295680.5170690925
2675,1544895.7619543765
2676,1148373.1558685338
2677,1286711.0596418795
2678,1429205.508776578
2679,1190595.170531882
2680,1507127.1574582811
2681,1433457.605535991
2682,1312975.5397522217
2683,1258387.1469313616
2684,1339742.5948541034
2685,1435226.15337624
2686,1275027.2857915065
2687,1324496.7597631435
2688,1264404.9280952476
2689,1394501.8005692312
2690,1459585.1401517156
2691,1140925.587858446
2692,1401091.2345620086
2693,1137899.0781132355
2694,1476481.2368413683
2695,1439797.7302631787
2696,1260006.83035529
2697,1385060.6074366176
2698,1397992.6670551905
2699,1066586.7824655212
2700,1216064.0544219473
2701,1437453.2956729543
2702,1584316.0117231647
2703,1473136.9404608107
2704,1129909.81634995
2705,1387601.2978891067
2706,1417793.543445438
2707,1129478.4960643703
2708,1281696.988184218
2709,1328091.273834991
2710,1231448.0024793318
2711,1041543.2076489336
2712,1045297.8164891104
2713,1062329.4293880605
2714,1168045.2539279182
2715,1315645.810478908
2716,1327387.0552391873
2717,1136150.8330520934
2718,1028437.9058658666
2719,1190010.6048296366
2720,1392364.224605358
2721,1447339.941902304
2722,1351658.5728618503
2723,1362285.482479669
2724,1383667.5599036368
2725,1460238.6849740495
2726,1457984.8696301957
2727,1278636.197548503
2728,1318934.344688394
2729,1488303.464791409
2730,1524080.6958250885
2731,1426139.8343630543
2732,1415288.713444295
2733,1518874.005757484
2734,1081847.0092742282
2735,1419752.1850616748
2736,1359184.4033542213
2737,1482324.8494400044
2738,1561064.9517713513
2739,1363830.261626808
2740,1011549.6098116011
2741,1209800.021073112
2742,1082489.0130872289
2743,1403004.2476567084
2744,1419271.8351887057
2745,1347025.192153141
2746,1421045.4037023396
2747,1315193.1236394397
2748,1309542.4972561204
2749,1276780.5348860032
2750,1552566.1940258562
2751,1201003.5084470862
2752,1346029.9474131942
2753,880866.0479028247
2754,1307980.9981346505
2755,1085053.4341910775
2756,1296035.514050666
2757,1326320.9172525788
2758,722155.1476289794
2759,1379645.0055738117
2760,1247682.948830828
2761,1441493.4389368708
2762,1349292.4249096867
2763,1482698.7145881755
2764,1307707.7322155957
2765,1457154.0857817198
2766,1253009.1509973756
2767,1208437.037410246
2768,1155611.3103845187
2769,1191965.332582743
2770,1218264.1790393277
2771,1129169.9873814457
2772,1406105.9613435282
2773,1621964.177903172
2774,1174273.2786347507
2775,1424851.3574602902
2776,1303982.688237023
2777,1426197.437869189
2778,968384.4117357426
2779,898877.3493280986
2780,1417764.4261639598
2781,1392105.2069795763
2782,1478419.9802616925
2783,1454528.906815704
2784,1422872.2074503142
2785,1337253.081022537
2786,1274240.5788565974
2787,1096077.9828417557
2788,1148558.122215278
2789,1384805.778179486
2790,1723726.0539176178
2791,1336123.2384424796
2792,1261303.5865841017
2793,1418229.3860025862
2794,1533269.396444206
2795,949496.5832116002
2796,1505282.2158667047
2797,1390765.001163039
2798,1215811.0156912033
2799,1467057.6417032531
2800,1404080.8924000668
2801,1251343.1168611764
2802,1403411.0820190294
2803,1306051.9296710219
2804,1378801.4372694732
2805,1173617.0358861457
2806,1404573.73824822
2807,1236732.7966982643
2808,1439563.2529172376
2809,1439638.7590116556
2810,1186578.1183247836
2811,1053771.834927802
2812,965586.5889744106
2813,964673.8160649113
2814,838875.7756010701
2815,1399859.2088185896
2816,1236414.2993108926
2817,1364280.13532485
2818,869531.9148308403
2819,1503862.5577135405
2820,1313309.9811498441
2821,1455246.5376582078
2822,1422422.415898959
2823,1287012.297619805
2824,1406105.899914015
2825,968565.165424152
2826,1525701.1515719888
2827,1298051.6561615106
2828,1078789.7070694044
2829,1507537.531063159
2830,1168212.7260700753
2831,1480970.7884406277
2832,1351577.1975489552
2833,1560700.8998195014
2834,1311529.940969226
2835,1440681.4679047212
2836,1257396.275250638
2837,1298415.523435117
2838,995929.9790548192
2839,1513281.9242457107
2840,1392542.307723432
2841,905581.1139788444
2842,1567930.3283164655
2843,1574251.6785091911
2844,1445462.6899464715
2845,1301344.6771980778
2846,890593.3227307244
2847,1414164.2153558605
2848,1057827.0932277231
2849,1023025.3436524365
2850,1230581.0817990443
2851,1437880.591727204
2852,1363010.3145706581
2853,1040270.0469778747
2854,1330630.4716479196
2855,1091398.263851468
2856,1374085.0032241496
2857,1457962.1095415596
2858,1439983.4650136647
2859,1197091.3837888055
2860,1369057.133165775
2861,1160734.86539318
2862,1561925.5606141284
2863,1254744.9912698914
2864,1336358.4390777051
2865,1409938.8859406724
2866,1493069.1425326758
2867,1446560.7337044613
2868,1430404.4832307596
2869,1433822.3257814003
2870,1378921.4859309103
2871,1267226.6843311454
2872,1247249.1609599642
2873,1380188.842861649
2874,1341513.626217788
2875,1481574.403850929
2876,1113735.3457634763
2877,1322968.9718102936
2878,1126611.8175573547
2879,1337403.2551275413
2880,1491850.521128571
2881,1313821.9938585437
2882,1247638.258144254
2883,1118933.1261226241
2884,1108790.897194743
2885,1270806.8523454762
2886,921361.5056349604
2887,1263106.2093439063
2888,1286155.9721536066
2889,1447284.1342662661
2890,1375845.8418626965
2891,1261418.2308212726
2892,1154101.7813458187
2893,1542050.4957054644
2894,1269268.2767815234
2895,1150082.8600423108
2896,1089009.7110588022
2897,1352893.0671288082
2898,1242990.6880587982
2899,1113376.529064588
2900,1315606.9214356854
2901,1447374.6588545626
2902,968777.7436145709
2903,1089908.6978999774
2904,1256134.3883878076
2905,1447805.947855525
2906,1451265.2446129725
2907,1471228.9105811592
2908,1293204.5107954394
2909,1268606.7534561185
2910,1113148.8072366798
2911,1414166.5298772475
2912,1119735.873577639
2913,1341973.9581618041
2914,1210331.3910580985
2915,1228175.7409666157
2916,1426857.934245728
2917,1040591.4160376316
2918,1478965.1161169116
2919,1092959.7915828377
2920,1282353.0134197122
2921,1163173.9050552107
2922,1051679.9017188223
2923,1403575.5024843263
2924,1320276.391150511
2925,1262907.2116198563
2926,1456379.735358514
2927,1190939.8124799398
2928,1503523.4027336459
2929,1351514.2821060645
2930,1465152.810300761
2931,1425450.1089024113
2932,1288073.141899597
2933,1309877.0080330204
2934,1565144.4237910407
2935,1470626.446747224
2936,1404200.6647243677
2937,1563197.3864366296
2938,1325922.9048119641
2939,1334156.512410193
2940,1399939.4337255813
2941,1437921.7427995487
2942,1114326.5414046282
2943,1464102.1251467562
2944,1088530.673023753
2945,1471209.7876589608
2946,1280778.1333877498
2947,1290393.7148884437
2948,1275632.2357168617
2949,1330313.7350868466
2950,1164890.2756879064
2951,1342192.7187454398
2952,1149792.650331175
2953,1434940.0620193053
2954,1439317.1619774944
2955,1266526.896063304
2956,1073217.3296281535
2957,1438178.188304164
2958,1402507.0373947187
2959,1285772.3045666616
2960,1380272.0557228434
2961,1169624.6257323998
2962,1382205.2282761845
2963,1420577.7767917893
2964,1452514.74317228
2965,1351714.191944491
2966,1551805.0331444617
2967,1427739.6191987616
2968,1320041.3643797238
2969,1345202.6735897441
2970,1423441.9983839893
2971,1310798.4924183781
2972,1203863.2714614733
2973,1298502.6400681601
2974,1322433.4548213573
2975,906011.7975038552
2976,1425044.8617120758
2977,1458957.3733415988
2978,1352930.8614964879
2979,1148106.4828155164
2980,978239.7931726329
2981,1270091.3592146477
2982,1250586.6058659113
2983,1229876.3523977713
2984,1024376.6151253376
2985,1080042.124655017
2986,1275896.6112546553
2987,1433973.8513846751
2988,1415095.392116905
2989,1492037.768851415
2990,1436705.1716005078
2991,1337617.2799266155
2992,1235775.6135977388
2993,1461112.2033113306
2994,1348132.286045604
2995,1488372.4054246226
2996,1355109.8079888069
2997,1192609.862686796
2998,1328629.3815359615
2999,1374418.5384513931
3000,1455818.5598677641
3001,1247756.1152145076
3002,1356247.7049729787
3003,1393443.1860102294
3004,1155192.646352308
3005,1216463.9150628706
3006,1449635.2967241572
3007,1335267.6326646893
3008,1449948.1564385456
3009,1065820.856364769
3010,1237106.3783101619
3011,1305812.790496386
3012,1584824.9460449377
3013,1023650.8996940836
3014,1303436.3278372795
3015,1288141.1940731613
3016,1381493.0794678065
3017,1339107.610046349
3018,1162640.2399020526
3019,1460628.8024506997
3020,1598473.5442505698
3021,1335711.7287322448
3022,1432827.8600992826
3023,1033523.7081714192
3024,1294019.816405855
3025,1268821.798026423
3026,1408638.143960498
3027,1383874.853226318
3028,1512322.8747599467
3029,1391756.6553130927
3030,1180578.9917984167
3031,1381265.1118049424
3032,1423026.3980025838
3033,1287788.7953585642
3034,1000579.0843645666
3035,1251650.894781219
3036,959087.185858438
3037,1431452.3700855053
3038,1200350.7552224912
3039,1406146.0302195584
3040,1341923.9797242375
3041,1297045.6872831234
3042,1146068.1968132239
3043,1451011.5203885303
3044,1412285.3890370317
3045,1260938.7994895286
3046,985874.804950551
3047,1406019.7535926998
3048,1342536.8312049862
3049,1091398.3478381021
3050,1254912.3869187487
3051,1307130.6910636516
3052,927390.053190001
3053,1532222.5839487526
3054,1090368.7305540345
3055,1447150.3540205767
3056,1533185.812114644
3057,1393901.3352027577
3058,1448686.0314643206
3059,1433331.1252144708
3060,1478594.3734277247
3061,1479685.8893108796
3062,1213333.8983398718
3063,1410507.0117082803
3064,1203921.6595244484
3065,1435562.0418159629
3066,1452874.189857298
3067,1474228.9903313273
3068,1465222.1108831654
3069,1361908.1357168301
3070,1121312.439837383
3071,1293219.2162556103
3072,1089692.5410638312
3073,1359840.9775133666
3074,1372177.8322655277
3075,1242573.732911199
3076,1255666.39759588
3077,968518.4477693138
3078,1475540.7329602984
3079,1292331.8433631521
3080,1641749.4798951587
3081,1183570.7481870789
3082,961200.9509715327
3083,1361098.136720884
3084,1485071.3513309548
3085,1412946.3671883242
3086,1587080.0510822248
3087,891021.7473317753
3088,1185545.9852065523
3089,1369803.0420983823
3090,1288114.1754825637
3091,1300017.376726931
3092,1458737.7407884859
3093,1190694.7417549798
3094,1425971.982912214
3095,1255028.1216534139
3096,1370331.8149753439
3097,1509720.5895767435
3098,1115071.336719919
3099,1082805.6894410767
3100,1169741.1870657702
3101,1354573.517915328
3102,1291399.272702288
3103,1420394.0321064666
3104,1344512.1432994117
3105,1342697.872678885
3106,1388223.4279640168
3107,1461279.3923232243
3108,1190508.965432234
3109,1221820.622732821
3110,1400909.9239515916
3111,1296941.337435418
3112,1554506.9568134502
3113,1216433.5903319397
3114,1081948.569618913
3115,1283946.7775299433
3116,1361492.8725113508
3117,1200993.451040316
3118,1323855.390581311
3119,1347261.2660173045
3120,1436172.4440628227
3121,1234970.0665943807
3122,1445436.2664230093
3123,1283544.9854634434
3124,1300778.7450530464
3125,1448544.6293014034
3126,1433882.1278100952
3127,1384587.0869248584
3128,1314966.7554417779
3129,1482307.0245636941
3130,1131651.3887318023
3131,1215031.5115242666
3132,1359722.220594894
3133,1309952.771856509
3134,1357577.2615703607
3135,1190180.4477735753
3136,887132.7481310973
3137,1497079.1751754174
3138,931575.4945670802
3139,1360169.5547842812
3140,1298974.2517523777
3141,1127063.6405196416
3142,984491.5722869638
3143,1356355.112921572
3144,1376621.6940644442
3145,1334331.6818702132
3146,1285449.94303672
3147,1420042.7544977325
3148,1405418.9032731266
3149,1230179.846249557
3150,1209751.8287949099
3151,1348322.7254925047
3152,1492477.4073538373
3153,1274998.0151434557
3154,1402653.253737993
3155,1224199.0892814859
3156,1469956.1626538427
3157,1213715.7186708197
3158,1403287.9467672883
3159,1274411.7300258856
3160,1075546.5995003541
3161,1425254.5559003465
3162,1297218.2212627172
3163,1466946.8375855945
3164,1420766.4358445946
3165,1306488.798380908
3166,1362791.3617859806
3167,1416195.545094026
3168,1159685.9238182707
3169,1292755.593956328
3170,1441487.8083681788
3171,1412355.351365366
3172,1560312.708492262
3173,1419332.1882968694
3174,1290514.2808069645
3175,962333.9223015724
3176,1597422.003453342
3177,1532351.2688432094
3178,1197933.4235128576
3179,983881.6086843538
3180,1416773.4783803087
3181,1263398.4849954585
3182,1562435.174791542
3183,1471289.6365601895
3184,1242619.6837665376
3185,1537947.108840149
3186,1159369.7372163464
3187,1367192.7346392318
3188,1212423.7385104513
3189,1389286.3571074775
3190,1229948.9423379698
3191,1463089.2394041119
3192,1063910.661878885
3193,1318361.6709828742
3194,1243989.3601997974
3195,1360841.4314544592
3196,1614060.337130915
3197,1307436.225198365
3198,1136536.6057588712
3199,1418239.8463546126
3200,1236527.8153882443
3201,1298870.0015592068
3202,1318903.6158968315
3203,1485085.695173537
3204,1287575.6063329366
3205,1418329.1584366735
3206,1331350.580423893
3207,1424939.752552618
3208,980319.5513409342
3209,1504718.8894743973
3210,1019968.5456613994
3211,1389384.8702040378
3212,1591342.5843512262
3213,1292133.1878716124
3214,1259307.196119949
3215,1498212.4274301035
3216,1519814.4498373244
3217,922885.8850553092
3218,1420032.0546033108
3219,1402497.4044966425
3220,1315898.2477462916
3221,980240.6747520745
3222,1336884.500034899
3223,1239551.5600687494
3224,1362056.0168403995
3225,1468485.408817204
3226,1380906.407166642
3227,1449703.168704676
3228,1467545.8051962224
3229,1387450.3939710634
3230,1215855.938971664
3231,1553899.7069235896
3232,1290523.1662351056
3233,1345879.0488819263
3234,1142480.3417488548
3235,1225159.6570462165
3236,1120609.0546189048
3237,1291954.001139298
3238,1217488.2709328244
3239,1359466.7126170408
3240,1405368.348364135
3241,1442137.3940943456
3242,1359745.7332961152
3243,1488756.1055513197
3244,1255706.3839870368
3245,1206717.448767905
3246,1377801.994162033
3247,1307032.2064099333
3248,1011441.3505357988
3249,1224102.1211563696
3250,1377951.5778043082
3251,1404007.2520537146
3252,1302880.551851381
3253,1453921.815185582
3254,1285972.2689382
3255,1384554.9757666518
3256,1270166.849094176
3257,1334892.2549599668
3258,1085420.9025316825
3259,1348921.9417109983
3260,1133065.551635173
3261,1437757.111603222
3262,1521624.5446193246
3263,1201468.1947374619
3264,1319049.0381859282
3265,1212448.9160848341
3266,1188142.0264692523
3267,1285705.7595722766
3268,1515032.2974723764
3269,1029589.3163938308
3270,1428113.0999677288
3271,955933.196946176
3272,1442460.968945619
3273,1495692.9861540142
3274,1413800.0300759657
3275,1436167.8178846024
3276,1399076.2426739472
3277,1541386.2788214732
3278,1229110.9358614807
3279,1482683.547953271
3280,1253396.729466633
3281,1341401.672838582
3282,1406374.9505822414
3283,1429679.0648373703
3284,1243458.278086481
3285,1460029.6278187598
3286,1562902.4335037938
3287,1265114.8430254897
3288,1536951.773363407
3289,1309775.0479595754
3290,1412874.9117205665
3291,1029951.5530691466
3292,1403327.6492380297
3293,1200381.8245471744
3294,1335114.7986979957
3295,1202712.8202668435
3296,1307676.8001633089
3297,1056689.5432898249
3298,1342641.6723513557
3299,1506012.3151399556
3300,1593125.9241832832
3301,1345314.1486447637
3302,1375821.8623484494
3303,1552133.6967918163
3304,1284671.232913251
3305,1211163.240164025
3306,1545522.0608171874
3307,1275742.0543347418
3308,1445612.5511492065
3309,1357279.5446095734
3310,1057962.2780384345
3311,1308084.1736048793
3312,1316934.9604726254
3313,1019095.480527186
3314,1404666.227313044
3315,1418802.0463999799
3316,1418894.3067725957
3317,1300968.357445242
3318,1377427.5219290105
3319,1412254.5290514163
3320,1439821.7337440904
3321,1053480.005876109
3322,1328970.444221338
3323,1508332.2869495756
3324,1488280.6372563294
3325,993580.8930771202
3326,1290941.8878267715
3327,1512453.6675829045
3328,1147137.7998534525
3329,1454367.0545367133
3330,1351944.9878421745
3331,1429557.9037949953
3332,1418991.6462012029
3333,1158996.8415972472
3334,1403595.4122627082
3335,1189114.2745539995
3336,1043288.78056515
3337,1043217.2314025055
3338,1312301.770347739
3339,1286626.3170119445
3340,1348930.488101855
3341,1373923.456285597
3342,1235512.6550207671
3343,927519.0793076598
3344,1381324.190479179
3345,1454802.9041814408
3346,1414718.6211307906
3347,1244060.9445203214
3348,1381285.3675721672
3349,1467834.9759329802
3350,1361754.0117532264
3351,976691.1216197225
3352,1297343.773535851
3353,1435120.7081014388
3354,1392899.3489858455
3355,1365420.264206584
3356,1302399.302748791
3357,1120726.2923838906
3358,1225127.9356508155
3359,1460976.2270141472
3360,1504722.0347016612
3361,1444714.729946165
3362,1398893.0475180729
3363,1592273.2203431171
3364,1551775.0124419744
3365,1536328.9699936023
3366,1486410.699928855
3367,1090321.677775247
3368,1417527.5849528848
3369,1475603.9140425168
3370,972222.8803117945
3371,1284334.6480020334
3372,1318738.317760203
3373,1377928.8133992536
3374,1076953.1089871484
3375,1286386.7778185727
3376,1449864.8907240925
3377,1337978.034372777
3378,1336143.3624622026
3379,1328605.0421071665
3380,1362943.4120037227
3381,1317286.2981871024
3382,1362124.3233090083
3383,1566376.4491762277
3384,1263700.3939912643
3385,1127498.1455701592
3386,1329018.6758180142
3387,1431257.4052585596
3388,1246570.2938405927
3389,1269628.3027915738
3390,1308416.8957650256
3391,1313844.9509552591
3392,881605.9748879992
3393,1284042.9275564728
3394,1284668.2220032518
3395,1424798.7312522936
3396,1458152.8733274208
3397,1195878.920055669
3398,1235778.60692818
3399,1361788.856868392
3400,1228592.1024678107
3401,1382921.4737659541
3402,1428996.0763105988
3403,1429561.899696783
3404,1315507.6780471678
3405,1379375.7257668525
3406,1191276.6329510084
3407,1221345.5369216565
3408,1088409.065678224
3409,1349891.0648008573
3410,1391798.415636248
3411,1183382.5609913894
3412,1306472.0132263268
3413,1250556.6872243013
3414,1346716.8327049075
3415,1282529.5863752884
3416,1339319.1581524173
3417,1432891.1135830777
3418,1183256.2175681375
3419,1270523.0326840228
3420,1326835.7580850814
3421,1260912.6587600783
3422,1401597.0836871467
3423,1616698.1551886345
3424,1394934.9234379006
3425,1295935.581069214
3426,1488427.390299236
3427,1281590.731158994
3428,1447488.7088035012
3429,1251282.1175452226
3430,1307684.9934778453
3431,1036795.8868295279
3432,1489652.0380485046
3433,1263403.816901612
3434,1490234.8842700878
3435,1243742.1050023008
3436,1275393.0956735862
3437,1469340.3875929767
3438,1511323.929925828
3439,1272856.9070612313
3440,1454726.4147352725
3441,1330186.6638674992
3442,1298012.8817534961
3443,1238206.0041658457
3444,1604701.7562922798
3445,1298568.7515153927
3446,1283465.8272585606
3447,1230419.2111815824
3448,1279655.2612040134
3449,956492.4281897438
3450,1204411.643544959
3451,1148231.4260797617
3452,1186529.7549975822
3453,1314091.2944695284
3454,1367399.8997147717
3455,1377116.8332027653
3456,1195913.9570588556
3457,1142968.696344371
3458,1291750.5859559805
3459,1559223.7911524726
3460,1457232.3073460537
3461,1350566.6463923766
3462,1308890.1591954837
3463,1306040.5080968095
3464,1358060.4779646818
3465,1390439.1746095165
3466,1455291.5108211986
3467,1541479.4770809617
3468,1403558.949900778
3469,859432.397395129
3470,1480946.7992128388
3471,1374560.2486997726
3472,1459167.9777816904
3473,1067132.8114562554
3474,835593.6132300883
3475,1326662.3285328262
3476,1437515.991091136
3477,1256421.9380184864
3478,1414090.0215954504
3479,1347625.717206318
3480,1331612.698362566
3481,1380573.2681424243
3482,1511841.05765132
3483,1433549.6223643732
3484,926626.8718192622
3485,1498330.7286207278
3486,1136369.85592886
3487,1098289.5521569254
3488,1303319.6107906755
3489,1362608.1697034088
3490,1371326.0189668746
3491,1316377.604703609
3492,1304203.8197963263
3493,1530864.8394599338
3494,1351991.399040091
3495,1526681.0671727618
3496,1169946.8101853055
3497,1395127.5009244888
3498,1384907.1757783652
3499,1447450.4806436487
